image_id,age
200001.jpg,70.69
200002.jpg,60.73
200003.jpg,62.96
200004.jpg,71.0
200005.jpg,46.36
200006.jpg,60.65
200007.jpg,68.38
200008.jpg,55.42
200009.jpg,68.57
200010.jpg,60.93
200011.jpg,71.17
200012.jpg,46.5
200013.jpg,56.98
200014.jpg,70.61
200015.jpg,55.51
200016.jpg,67.98
200017.jpg,61.58
200018.jpg,57.7
200019.jpg,69.68
200020.jpg,62.9
200021.jpg,71.24
200022.jpg,65.44
200023.jpg,59.66
200024.jpg,58.43
200025.jpg,70.84
200026.jpg,59.35
200027.jpg,41.61
200028.jpg,43.91
200029.jpg,71.08
200030.jpg,61.69
200031.jpg,70.94
200032.jpg,70.86
200033.jpg,60.02
200034.jpg,72.24
200035.jpg,70.25
200036.jpg,52.2
200037.jpg,68.92
200038.jpg,48.54
200039.jpg,70.24
200040.jpg,57.69
200041.jpg,54.91
200042.jpg,49.33
200043.jpg,49.88
200044.jpg,64.95
200045.jpg,69.89
200046.jpg,63.15
200047.jpg,68.85
200048.jpg,61.25
200049.jpg,61.85
200050.jpg,55.43
200051.jpg,66.92
200052.jpg,71.49
200053.jpg,50.7
200054.jpg,43.08
200055.jpg,56.68
200056.jpg,54.47
200057.jpg,61.04
200058.jpg,70.64
200059.jpg,69.89
200060.jpg,59.39
200061.jpg,63.5
200062.jpg,59.16
200063.jpg,64.86
200064.jpg,58.0
200065.jpg,69.75
200066.jpg,60.46
200067.jpg,58.28
200068.jpg,61.23
200069.jpg,59.98
200070.jpg,72.55
200071.jpg,59.86
200072.jpg,70.33
200073.jpg,58.32
200074.jpg,59.75
200075.jpg,70.33
200076.jpg,72.01
200077.jpg,59.79
200078.jpg,71.02
200079.jpg,70.94
200080.jpg,59.35
200081.jpg,70.99
200082.jpg,69.55
200083.jpg,70.5
200084.jpg,69.48
200085.jpg,60.2
200086.jpg,70.57
200087.jpg,76.8
200088.jpg,57.39
200089.jpg,70.72
200090.jpg,78.57
200091.jpg,60.84
200092.jpg,60.21
200093.jpg,69.18
200094.jpg,60.51
200095.jpg,49.49
200096.jpg,60.27
200097.jpg,61.68
200098.jpg,60.82
200099.jpg,69.89
200100.jpg,50.95
200101.jpg,69.21
200102.jpg,58.93
200103.jpg,70.17
200104.jpg,60.5
200105.jpg,60.48
200106.jpg,57.07
200107.jpg,70.73
200108.jpg,59.94
200109.jpg,70.23
200110.jpg,78.24
200111.jpg,70.28
200112.jpg,71.0
200113.jpg,59.31
200114.jpg,58.76
200115.jpg,66.29
200116.jpg,61.3
200117.jpg,60.44
200118.jpg,69.82
200119.jpg,59.44
200120.jpg,70.87
200121.jpg,69.94
200122.jpg,75.1
200123.jpg,71.0
200124.jpg,69.88
200125.jpg,77.99
200126.jpg,70.2
200127.jpg,75.35
200128.jpg,60.99
200129.jpg,63.06
200130.jpg,73.79
200131.jpg,71.31
200132.jpg,59.38
200133.jpg,60.6
200134.jpg,62.1
200135.jpg,70.97
200136.jpg,70.06
200137.jpg,70.1
200138.jpg,78.05
200139.jpg,72.39
200140.jpg,60.14
200141.jpg,70.65
200142.jpg,57.94
200143.jpg,69.68
200144.jpg,70.46
200145.jpg,77.7
200146.jpg,59.96
200147.jpg,60.06
200148.jpg,69.18
200149.jpg,70.74
200150.jpg,70.24
200151.jpg,61.04
200152.jpg,70.62
200153.jpg,65.99
200154.jpg,71.03
200155.jpg,59.35
200156.jpg,73.53
200157.jpg,59.48
200158.jpg,69.72
200159.jpg,59.7
200160.jpg,62.01
200161.jpg,58.75
200162.jpg,71.05
200163.jpg,70.91
200164.jpg,70.93
200165.jpg,69.57
200166.jpg,70.2
200167.jpg,75.47
200168.jpg,67.0
200169.jpg,61.01
200170.jpg,71.42
200171.jpg,70.75
200172.jpg,46.28
200173.jpg,68.36
200174.jpg,69.76
200175.jpg,70.27
200176.jpg,67.02
200177.jpg,60.55
200178.jpg,70.65
200179.jpg,64.0
200180.jpg,70.4
200181.jpg,68.9
200182.jpg,59.62
200183.jpg,45.83
200184.jpg,58.53
200185.jpg,69.75
200186.jpg,71.9
200187.jpg,68.82
200188.jpg,70.45
200189.jpg,72.45
200190.jpg,49.23
200191.jpg,61.5
200192.jpg,54.63
200193.jpg,63.93
200194.jpg,70.26
200195.jpg,67.76
200196.jpg,60.36
200197.jpg,54.55
200198.jpg,40.5
200199.jpg,54.77
200200.jpg,70.66
200201.jpg,72.26
200202.jpg,66.78
200203.jpg,61.29
200204.jpg,70.51
200205.jpg,70.72
200206.jpg,59.24
200207.jpg,71.13
200208.jpg,45.71
200209.jpg,50.65
200210.jpg,64.06
200211.jpg,59.37
200212.jpg,69.52
200213.jpg,66.72
200214.jpg,58.24
200215.jpg,70.38
200216.jpg,64.51
200217.jpg,70.56
200218.jpg,70.84
200219.jpg,59.12
200220.jpg,50.12
200221.jpg,71.28
200222.jpg,64.8
200223.jpg,67.82
200224.jpg,62.72
200225.jpg,50.68
200226.jpg,69.47
200227.jpg,69.08
200228.jpg,76.22
200229.jpg,70.47
200230.jpg,57.8
200231.jpg,71.34
200232.jpg,57.26
200233.jpg,69.94
200234.jpg,66.77
200235.jpg,60.47
200236.jpg,69.61
200237.jpg,73.61
200238.jpg,71.09
200239.jpg,71.37
200240.jpg,58.3
200241.jpg,46.42
200242.jpg,69.67
200243.jpg,59.49
200244.jpg,57.67
200245.jpg,63.77
200246.jpg,64.3
200247.jpg,71.35
200248.jpg,60.37
200249.jpg,70.57
200250.jpg,59.81
200251.jpg,42.22
200252.jpg,70.8
200253.jpg,62.05
200254.jpg,70.52
200255.jpg,70.81
200256.jpg,74.92
200257.jpg,73.61
200258.jpg,65.32
200259.jpg,69.51
200260.jpg,54.77
200261.jpg,50.12
200262.jpg,69.02
200263.jpg,69.4
200264.jpg,69.95
200265.jpg,55.29
200266.jpg,68.11
200267.jpg,72.79
200268.jpg,64.31
200269.jpg,49.61
200270.jpg,56.58
200271.jpg,70.83
200272.jpg,70.89
200273.jpg,60.26
200274.jpg,59.85
200275.jpg,50.7
200276.jpg,65.55
200277.jpg,42.35
200278.jpg,64.26
200279.jpg,71.66
200280.jpg,57.19
200281.jpg,45.36
200282.jpg,70.42
200283.jpg,61.8
200284.jpg,61.9
200285.jpg,55.93
200286.jpg,61.03
200287.jpg,63.74
200288.jpg,47.67
200289.jpg,78.01
200290.jpg,59.38
200291.jpg,71.43
200292.jpg,61.25
200293.jpg,64.54
200294.jpg,68.16
200295.jpg,69.05
200296.jpg,66.85
200297.jpg,73.35
200298.jpg,60.87
200299.jpg,69.26
200300.jpg,48.49
200301.jpg,62.77
200302.jpg,47.55
200303.jpg,62.54
200304.jpg,58.62
200305.jpg,71.25
200306.jpg,54.41
200307.jpg,69.83
200308.jpg,60.5
200309.jpg,68.77
200310.jpg,60.73
200311.jpg,59.94
200312.jpg,57.15
200313.jpg,60.62
200314.jpg,61.47
200315.jpg,59.81
200316.jpg,69.64
200317.jpg,67.35
200318.jpg,59.51
200319.jpg,70.79
200320.jpg,48.41
200321.jpg,69.18
200322.jpg,47.64
200323.jpg,60.64
200324.jpg,69.27
200325.jpg,69.8
200326.jpg,75.98
200327.jpg,59.25
200328.jpg,61.13
200329.jpg,66.91
200330.jpg,70.86
200331.jpg,70.54
200332.jpg,71.53
200333.jpg,70.84
200334.jpg,45.97
200335.jpg,71.12
200336.jpg,65.27
200337.jpg,61.12
200338.jpg,51.07
200339.jpg,71.45
200340.jpg,63.83
200341.jpg,57.48
200342.jpg,60.83
200343.jpg,52.94
200344.jpg,71.75
200345.jpg,51.97
200346.jpg,68.28
200347.jpg,59.9
200348.jpg,46.86
200349.jpg,51.98
200350.jpg,52.05
200351.jpg,60.55
200352.jpg,65.66
200353.jpg,39.28
200354.jpg,58.27
200355.jpg,65.2
200356.jpg,61.67
200357.jpg,70.71
200358.jpg,67.36
200359.jpg,60.5
200360.jpg,68.38
200361.jpg,70.87
200362.jpg,70.67
200363.jpg,70.29
200364.jpg,73.88
200365.jpg,61.44
200366.jpg,45.5
200367.jpg,61.12
200368.jpg,70.61
200369.jpg,42.1
200370.jpg,56.17
200371.jpg,69.83
200372.jpg,60.44
200373.jpg,60.54
200374.jpg,68.71
200375.jpg,69.44
200376.jpg,57.02
200377.jpg,59.8
200378.jpg,74.13
200379.jpg,72.53
200380.jpg,66.11
200381.jpg,60.43
200382.jpg,54.55
200383.jpg,70.49
200384.jpg,59.03
200385.jpg,71.43
200386.jpg,59.27
200387.jpg,60.16
200388.jpg,58.94
200389.jpg,63.36
200390.jpg,70.03
200391.jpg,70.8
200392.jpg,61.87
200393.jpg,67.06
200394.jpg,71.3
200395.jpg,67.82
200396.jpg,59.5
200397.jpg,42.81
200398.jpg,78.01
200399.jpg,70.37
200400.jpg,70.59
200401.jpg,71.41
200402.jpg,58.25
200403.jpg,70.09
200404.jpg,70.63
200405.jpg,70.83
200406.jpg,57.37
200407.jpg,50.56
200408.jpg,69.78
200409.jpg,69.4
200410.jpg,60.88
200411.jpg,69.45
200412.jpg,69.91
200413.jpg,46.74
200414.jpg,68.82
200415.jpg,70.59
200416.jpg,66.72
200417.jpg,52.39
200418.jpg,68.0
200419.jpg,59.3
200420.jpg,57.01
200421.jpg,60.15
200422.jpg,63.26
200423.jpg,48.43
200424.jpg,59.8
200425.jpg,64.07
200426.jpg,70.17
200427.jpg,75.81
200428.jpg,63.2
200429.jpg,60.95
200430.jpg,69.59
200431.jpg,56.46
200432.jpg,65.77
200433.jpg,68.12
200434.jpg,70.04
200435.jpg,56.67
200436.jpg,68.85
200437.jpg,69.5
200438.jpg,70.92
200439.jpg,70.42
200440.jpg,70.36
200441.jpg,42.43
200442.jpg,74.88
200443.jpg,70.5
200444.jpg,61.03
200445.jpg,69.58
200446.jpg,70.82
200447.jpg,60.02
200448.jpg,61.07
200449.jpg,62.29
200450.jpg,69.41
200451.jpg,71.42
200452.jpg,70.78
200453.jpg,70.9
200454.jpg,60.29
200455.jpg,49.87
200456.jpg,58.48
200457.jpg,68.55
200458.jpg,45.91
200459.jpg,59.87
200460.jpg,70.09
200461.jpg,70.85
200462.jpg,49.18
200463.jpg,38.74
200464.jpg,61.6
200465.jpg,65.55
200466.jpg,60.05
200467.jpg,60.0
200468.jpg,58.74
200469.jpg,63.64
200470.jpg,65.33
200471.jpg,56.27
200472.jpg,59.44
200473.jpg,60.75
200474.jpg,49.13
200475.jpg,70.21
200476.jpg,70.73
200477.jpg,54.77
200478.jpg,70.08
200479.jpg,70.68
200480.jpg,70.27
200481.jpg,53.47
200482.jpg,70.06
200483.jpg,71.01
200484.jpg,70.28
200485.jpg,71.61
200486.jpg,62.18
200487.jpg,65.35
200488.jpg,63.1
200489.jpg,58.44
200490.jpg,69.29
200491.jpg,60.63
200492.jpg,71.42
200493.jpg,69.11
200494.jpg,70.62
200495.jpg,51.61
200496.jpg,71.19
200497.jpg,70.58
200498.jpg,70.34
200499.jpg,69.48
200500.jpg,58.63
200501.jpg,70.38
200502.jpg,59.89
200503.jpg,70.13
200504.jpg,70.66
200505.jpg,68.86
200506.jpg,69.95
200507.jpg,63.25
200508.jpg,70.33
200509.jpg,58.95
200510.jpg,70.84
200511.jpg,61.02
200512.jpg,59.2
200513.jpg,57.23
200514.jpg,74.68
200515.jpg,71.29
200516.jpg,62.69
200517.jpg,69.75
200518.jpg,71.37
200519.jpg,61.7
200520.jpg,54.3
200521.jpg,41.95
200522.jpg,75.4
200523.jpg,65.73
200524.jpg,62.88
200525.jpg,78.67
200526.jpg,70.41
200527.jpg,72.59
200528.jpg,66.79
200529.jpg,56.35
200530.jpg,70.17
200531.jpg,61.29
200532.jpg,58.35
200533.jpg,66.66
200534.jpg,59.59
200535.jpg,63.75
200536.jpg,42.17
200537.jpg,50.56
200538.jpg,52.64
200539.jpg,40.12
200540.jpg,59.03
200541.jpg,47.99
200542.jpg,61.11
200543.jpg,70.13
200544.jpg,54.63
200545.jpg,71.18
200546.jpg,55.55
200547.jpg,66.3
200548.jpg,59.82
200549.jpg,73.96
200550.jpg,66.02
200551.jpg,70.61
200552.jpg,60.42
200553.jpg,47.37
200554.jpg,58.89
200555.jpg,61.04
200556.jpg,70.9
200557.jpg,70.77
200558.jpg,70.57
200559.jpg,57.31
200560.jpg,52.2
200561.jpg,68.34
200562.jpg,70.49
200563.jpg,45.26
200564.jpg,63.02
200565.jpg,61.54
200566.jpg,70.29
200567.jpg,60.61
200568.jpg,69.72
200569.jpg,69.27
200570.jpg,60.59
200571.jpg,66.27
200572.jpg,48.45
200573.jpg,71.5
200574.jpg,60.66
200575.jpg,64.42
200576.jpg,70.29
200577.jpg,68.15
200578.jpg,60.22
200579.jpg,63.75
200580.jpg,60.27
200581.jpg,69.69
200582.jpg,70.81
200583.jpg,61.4
200584.jpg,60.42
200585.jpg,72.91
200586.jpg,70.34
200587.jpg,70.49
200588.jpg,58.12
200589.jpg,59.73
200590.jpg,70.09
200591.jpg,70.56
200592.jpg,45.44
200593.jpg,68.76
200594.jpg,73.57
200595.jpg,69.37
200596.jpg,58.82
200597.jpg,59.38
200598.jpg,74.1
200599.jpg,70.07
200600.jpg,61.29
200601.jpg,67.56
200602.jpg,70.68
200603.jpg,76.45
200604.jpg,63.64
200605.jpg,42.45
200606.jpg,60.87
200607.jpg,60.69
200608.jpg,60.38
200609.jpg,63.43
200610.jpg,59.33
200611.jpg,63.73
200612.jpg,65.49
200613.jpg,70.93
200614.jpg,65.65
200615.jpg,43.6
200616.jpg,72.05
200617.jpg,72.24
200618.jpg,68.72
200619.jpg,69.51
200620.jpg,60.03
200621.jpg,59.91
200622.jpg,73.04
200623.jpg,40.9
200624.jpg,69.64
200625.jpg,50.63
200626.jpg,49.24
200627.jpg,52.32
200628.jpg,64.32
200629.jpg,66.52
200630.jpg,62.27
200631.jpg,62.7
200632.jpg,70.51
200633.jpg,65.93
200634.jpg,52.77
200635.jpg,59.73
200636.jpg,47.99
200637.jpg,68.61
200638.jpg,69.88
200639.jpg,70.77
200640.jpg,64.08
200641.jpg,71.12
200642.jpg,70.83
200643.jpg,70.68
200644.jpg,53.16
200645.jpg,58.31
200646.jpg,42.83
200647.jpg,59.17
200648.jpg,47.03
200649.jpg,48.77
200650.jpg,72.96
200651.jpg,60.52
200652.jpg,70.68
200653.jpg,40.98
200654.jpg,46.88
200655.jpg,71.58
200656.jpg,64.59
200657.jpg,73.11
200658.jpg,70.8
200659.jpg,59.65
200660.jpg,70.92
200661.jpg,60.78
200662.jpg,48.65
200663.jpg,63.38
200664.jpg,70.16
200665.jpg,69.86
200666.jpg,50.26
200667.jpg,70.85
200668.jpg,60.64
200669.jpg,66.34
200670.jpg,48.74
200671.jpg,66.66
200672.jpg,68.29
200673.jpg,58.82
200674.jpg,65.23
200675.jpg,70.46
200676.jpg,69.82
200677.jpg,59.1
200678.jpg,59.34
200679.jpg,70.71
200680.jpg,71.59
200681.jpg,79.91
200682.jpg,59.37
200683.jpg,70.27
200684.jpg,57.76
200685.jpg,61.44
200686.jpg,58.75
200687.jpg,60.5
200688.jpg,58.72
200689.jpg,70.99
200690.jpg,69.43
200691.jpg,68.86
200692.jpg,70.43
200693.jpg,73.62
200694.jpg,69.73
200695.jpg,74.85
200696.jpg,55.28
200697.jpg,65.79
200698.jpg,67.4
200699.jpg,70.29
200700.jpg,67.37
200701.jpg,70.88
200702.jpg,70.51
200703.jpg,50.86
200704.jpg,61.23
200705.jpg,42.18
200706.jpg,67.61
200707.jpg,70.09
200708.jpg,65.12
200709.jpg,72.93
200710.jpg,69.92
200711.jpg,59.73
200712.jpg,61.77
200713.jpg,70.12
200714.jpg,60.49
200715.jpg,69.16
200716.jpg,66.79
200717.jpg,56.73
200718.jpg,58.14
200719.jpg,70.71
200720.jpg,62.58
200721.jpg,70.83
200722.jpg,70.82
200723.jpg,70.37
200724.jpg,62.5
200725.jpg,59.44
200726.jpg,71.68
200727.jpg,64.51
200728.jpg,71.12
200729.jpg,69.83
200730.jpg,70.91
200731.jpg,62.93
200732.jpg,62.55
200733.jpg,60.21
200734.jpg,60.47
200735.jpg,67.57
200736.jpg,65.4
200737.jpg,65.74
200738.jpg,63.26
200739.jpg,58.78
200740.jpg,60.39
200741.jpg,69.46
200742.jpg,71.46
200743.jpg,70.43
200744.jpg,75.46
200745.jpg,60.63
200746.jpg,70.28
200747.jpg,56.05
200748.jpg,62.66
200749.jpg,78.85
200750.jpg,70.05
200751.jpg,71.03
200752.jpg,71.36
200753.jpg,59.07
200754.jpg,70.35
200755.jpg,60.5
200756.jpg,70.32
200757.jpg,64.84
200758.jpg,71.56
200759.jpg,63.27
200760.jpg,59.89
200761.jpg,45.42
200762.jpg,70.27
200763.jpg,70.11
200764.jpg,69.17
200765.jpg,68.74
200766.jpg,65.75
200767.jpg,47.84
200768.jpg,70.65
200769.jpg,59.71
200770.jpg,62.8
200771.jpg,63.1
200772.jpg,71.17
200773.jpg,70.78
200774.jpg,61.4
200775.jpg,67.22
200776.jpg,69.34
200777.jpg,66.92
200778.jpg,70.53
200779.jpg,59.33
200780.jpg,70.31
200781.jpg,65.79
200782.jpg,60.08
200783.jpg,69.59
200784.jpg,44.38
200785.jpg,70.55
200786.jpg,64.66
200787.jpg,63.12
200788.jpg,75.74
200789.jpg,68.35
200790.jpg,70.5
200791.jpg,57.48
200792.jpg,71.07
200793.jpg,60.11
200794.jpg,60.25
200795.jpg,60.98
200796.jpg,46.96
200797.jpg,69.36
200798.jpg,71.14
200799.jpg,70.89
200800.jpg,44.39
200801.jpg,70.12
200802.jpg,70.29
200803.jpg,45.12
200804.jpg,50.71
200805.jpg,68.81
200806.jpg,62.78
200807.jpg,65.73
200808.jpg,70.21
200809.jpg,67.12
200810.jpg,66.85
200811.jpg,69.79
200812.jpg,59.51
200813.jpg,60.96
200814.jpg,70.71
200815.jpg,69.15
200816.jpg,47.04
200817.jpg,62.87
200818.jpg,68.27
200819.jpg,56.26
200820.jpg,72.89
200821.jpg,68.1
200822.jpg,55.62
200823.jpg,68.75
200824.jpg,69.04
200825.jpg,73.82
200826.jpg,60.54
200827.jpg,62.13
200828.jpg,55.64
200829.jpg,70.41
200830.jpg,58.89
200831.jpg,70.83
200832.jpg,69.96
200833.jpg,37.72
200834.jpg,50.26
200835.jpg,66.89
200836.jpg,69.46
200837.jpg,71.1
200838.jpg,69.64
200839.jpg,71.19
200840.jpg,70.61
200841.jpg,70.21
200842.jpg,69.14
200843.jpg,71.66
200844.jpg,60.73
200845.jpg,57.74
200846.jpg,68.9
200847.jpg,72.81
200848.jpg,54.51
200849.jpg,57.35
200850.jpg,70.04
200851.jpg,69.14
200852.jpg,60.58
200853.jpg,70.37
200854.jpg,64.1
200855.jpg,66.07
200856.jpg,68.66
200857.jpg,38.98
200858.jpg,70.98
200859.jpg,49.44
200860.jpg,59.63
200861.jpg,60.46
200862.jpg,58.98
200863.jpg,70.28
200864.jpg,69.51
200865.jpg,70.43
200866.jpg,71.28
200867.jpg,69.22
200868.jpg,64.38
200869.jpg,70.89
200870.jpg,54.12
200871.jpg,70.21
200872.jpg,70.78
200873.jpg,70.75
200874.jpg,59.76
200875.jpg,59.44
200876.jpg,45.2
200877.jpg,68.6
200878.jpg,61.89
200879.jpg,63.86
200880.jpg,64.47
200881.jpg,70.03
200882.jpg,70.66
200883.jpg,47.83
200884.jpg,56.67
200885.jpg,71.1
200886.jpg,70.81
200887.jpg,57.79
200888.jpg,58.8
200889.jpg,52.26
200890.jpg,71.01
200891.jpg,63.39
200892.jpg,70.79
200893.jpg,59.53
200894.jpg,77.22
200895.jpg,62.96
200896.jpg,60.42
200897.jpg,67.44
200898.jpg,69.36
200899.jpg,54.01
200900.jpg,70.62
200901.jpg,60.71
200902.jpg,61.14
200903.jpg,55.69
200904.jpg,62.82
200905.jpg,41.63
200906.jpg,65.88
200907.jpg,70.27
200908.jpg,60.33
200909.jpg,59.15
200910.jpg,75.01
200911.jpg,69.75
200912.jpg,73.51
200913.jpg,60.99
200914.jpg,60.51
200915.jpg,59.29
200916.jpg,57.46
200917.jpg,68.04
200918.jpg,70.64
200919.jpg,71.69
200920.jpg,60.89
200921.jpg,60.75
200922.jpg,60.46
200923.jpg,50.27
200924.jpg,54.92
200925.jpg,70.09
200926.jpg,72.57
200927.jpg,60.69
200928.jpg,60.99
200929.jpg,68.53
200930.jpg,70.27
200931.jpg,71.88
200932.jpg,65.7
200933.jpg,65.13
200934.jpg,72.01
200935.jpg,58.51
200936.jpg,76.49
200937.jpg,56.9
200938.jpg,59.9
200939.jpg,44.78
200940.jpg,53.01
200941.jpg,76.4
200942.jpg,60.24
200943.jpg,69.58
200944.jpg,68.81
200945.jpg,68.85
200946.jpg,64.37
200947.jpg,69.63
200948.jpg,70.33
200949.jpg,71.89
200950.jpg,70.56
200951.jpg,67.21
200952.jpg,60.13
200953.jpg,73.44
200954.jpg,40.69
200955.jpg,58.64
200956.jpg,60.04
200957.jpg,56.79
200958.jpg,61.74
200959.jpg,67.53
200960.jpg,69.38
200961.jpg,49.06
200962.jpg,70.36
200963.jpg,71.53
200964.jpg,75.2
200965.jpg,58.55
200966.jpg,71.03
200967.jpg,56.44
200968.jpg,76.76
200969.jpg,50.3
200970.jpg,70.17
200971.jpg,67.23
200972.jpg,48.24
200973.jpg,64.13
200974.jpg,70.95
200975.jpg,62.33
200976.jpg,58.31
200977.jpg,69.27
200978.jpg,53.34
200979.jpg,57.13
200980.jpg,70.56
200981.jpg,70.14
200982.jpg,59.35
200983.jpg,71.87
200984.jpg,69.71
200985.jpg,60.3
200986.jpg,68.19
200987.jpg,68.76
200988.jpg,74.63
200989.jpg,61.35
200990.jpg,56.57
200991.jpg,48.03
200992.jpg,59.87
200993.jpg,62.54
200994.jpg,71.0
200995.jpg,70.44
200996.jpg,60.04
200997.jpg,70.23
200998.jpg,65.87
200999.jpg,68.94
201000.jpg,70.27
201001.jpg,63.68
201002.jpg,69.8
201003.jpg,71.29
201004.jpg,64.84
201005.jpg,59.06
201006.jpg,74.59
201007.jpg,59.71
201008.jpg,71.15
201009.jpg,61.84
201010.jpg,56.15
201011.jpg,60.46
201012.jpg,58.03
201013.jpg,60.39
201014.jpg,70.69
201015.jpg,51.58
201016.jpg,69.53
201017.jpg,51.83
201018.jpg,45.32
201019.jpg,50.82
201020.jpg,68.35
201021.jpg,65.45
201022.jpg,61.03
201023.jpg,62.15
201024.jpg,71.09
201025.jpg,51.64
201026.jpg,60.03
201027.jpg,70.01
201028.jpg,69.33
201029.jpg,56.79
201030.jpg,70.54
201031.jpg,45.33
201032.jpg,65.27
201033.jpg,58.71
201034.jpg,65.62
201035.jpg,60.21
201036.jpg,56.66
201037.jpg,62.43
201038.jpg,61.31
201039.jpg,59.06
201040.jpg,58.89
201041.jpg,71.16
201042.jpg,59.29
201043.jpg,57.03
201044.jpg,61.08
201045.jpg,72.23
201046.jpg,70.78
201047.jpg,60.38
201048.jpg,68.42
201049.jpg,70.75
201050.jpg,70.36
201051.jpg,73.33
201052.jpg,68.97
201053.jpg,61.78
201054.jpg,44.01
201055.jpg,65.04
201056.jpg,69.6
201057.jpg,68.38
201058.jpg,64.01
201059.jpg,71.88
201060.jpg,66.7
201061.jpg,70.02
201062.jpg,72.16
201063.jpg,62.75
201064.jpg,48.99
201065.jpg,70.55
201066.jpg,67.33
201067.jpg,70.86
201068.jpg,59.67
201069.jpg,70.0
201070.jpg,58.92
201071.jpg,70.38
201072.jpg,56.87
201073.jpg,74.34
201074.jpg,72.11
201075.jpg,61.55
201076.jpg,66.99
201077.jpg,60.7
201078.jpg,70.63
201079.jpg,55.53
201080.jpg,54.59
201081.jpg,59.31
201082.jpg,69.21
201083.jpg,79.06
201084.jpg,59.46
201085.jpg,59.48
201086.jpg,53.04
201087.jpg,70.08
201088.jpg,76.62
201089.jpg,71.35
201090.jpg,69.36
201091.jpg,70.49
201092.jpg,72.23
201093.jpg,59.97
201094.jpg,56.08
201095.jpg,59.37
201096.jpg,61.66
201097.jpg,60.55
201098.jpg,61.07
201099.jpg,70.35
201100.jpg,61.14
201101.jpg,71.43
201102.jpg,68.81
201103.jpg,46.12
201104.jpg,59.89
201105.jpg,70.85
201106.jpg,66.53
201107.jpg,70.9
201108.jpg,70.26
201109.jpg,68.35
201110.jpg,60.43
201111.jpg,67.33
201112.jpg,70.12
201113.jpg,67.38
201114.jpg,66.4
201115.jpg,66.29
201116.jpg,59.57
201117.jpg,67.26
201118.jpg,71.11
201119.jpg,43.69
201120.jpg,74.62
201121.jpg,60.58
201122.jpg,56.85
201123.jpg,56.26
201124.jpg,74.46
201125.jpg,60.66
201126.jpg,74.99
201127.jpg,59.6
201128.jpg,69.9
201129.jpg,71.84
201130.jpg,70.51
201131.jpg,59.32
201132.jpg,68.77
201133.jpg,70.12
201134.jpg,69.76
201135.jpg,70.06
201136.jpg,70.84
201137.jpg,59.85
201138.jpg,71.77
201139.jpg,66.93
201140.jpg,47.62
201141.jpg,54.41
201142.jpg,58.54
201143.jpg,56.0
201144.jpg,62.89
201145.jpg,71.29
201146.jpg,63.94
201147.jpg,76.73
201148.jpg,71.16
201149.jpg,70.64
201150.jpg,46.1
201151.jpg,73.78
201152.jpg,59.06
201153.jpg,71.2
201154.jpg,70.65
201155.jpg,71.14
201156.jpg,56.18
201157.jpg,44.53
201158.jpg,56.18
201159.jpg,60.02
201160.jpg,67.03
201161.jpg,59.93
201162.jpg,64.43
201163.jpg,70.56
201164.jpg,77.19
201165.jpg,71.59
201166.jpg,58.05
201167.jpg,59.8
201168.jpg,67.39
201169.jpg,46.45
201170.jpg,60.57
201171.jpg,71.68
201172.jpg,41.95
201173.jpg,43.08
201174.jpg,44.41
201175.jpg,66.46
201176.jpg,60.62
201177.jpg,70.46
201178.jpg,61.03
201179.jpg,61.86
201180.jpg,70.83
201181.jpg,69.64
201182.jpg,66.84
201183.jpg,57.67
201184.jpg,59.55
201185.jpg,59.68
201186.jpg,66.88
201187.jpg,67.94
201188.jpg,71.8
201189.jpg,64.45
201190.jpg,46.23
201191.jpg,73.01
201192.jpg,62.74
201193.jpg,42.03
201194.jpg,67.16
201195.jpg,58.38
201196.jpg,58.84
201197.jpg,63.26
201198.jpg,65.25
201199.jpg,70.79
201200.jpg,71.05
201201.jpg,71.07
201202.jpg,58.19
201203.jpg,58.95
201204.jpg,59.71
201205.jpg,57.44
201206.jpg,54.63
201207.jpg,72.02
201208.jpg,69.51
201209.jpg,74.04
201210.jpg,58.42
201211.jpg,71.33
201212.jpg,70.75
201213.jpg,64.17
201214.jpg,68.97
201215.jpg,61.0
201216.jpg,71.1
201217.jpg,70.89
201218.jpg,61.32
201219.jpg,73.96
201220.jpg,70.61
201221.jpg,62.06
201222.jpg,56.65
201223.jpg,70.38
201224.jpg,59.82
201225.jpg,69.57
201226.jpg,55.95
201227.jpg,67.69
201228.jpg,75.19
201229.jpg,71.19
201230.jpg,54.47
201231.jpg,71.03
201232.jpg,69.14
201233.jpg,65.0
201234.jpg,58.43
201235.jpg,59.55
201236.jpg,66.82
201237.jpg,69.99
201238.jpg,65.22
201239.jpg,69.93
201240.jpg,64.5
201241.jpg,72.16
201242.jpg,59.32
201243.jpg,57.64
201244.jpg,69.91
201245.jpg,70.89
201246.jpg,69.38
201247.jpg,59.35
201248.jpg,53.46
201249.jpg,53.45
201250.jpg,70.29
201251.jpg,74.09
201252.jpg,51.43
201253.jpg,67.99
201254.jpg,66.91
201255.jpg,61.05
201256.jpg,71.63
201257.jpg,62.19
201258.jpg,70.81
201259.jpg,57.83
201260.jpg,70.73
201261.jpg,58.0
201262.jpg,68.64
201263.jpg,59.69
201264.jpg,63.68
201265.jpg,79.09
201266.jpg,61.61
201267.jpg,61.76
201268.jpg,70.78
201269.jpg,70.34
201270.jpg,64.38
201271.jpg,69.35
201272.jpg,59.54
201273.jpg,51.68
201274.jpg,67.14
201275.jpg,59.04
201276.jpg,51.2
201277.jpg,70.72
201278.jpg,61.23
201279.jpg,70.95
201280.jpg,70.44
201281.jpg,57.67
201282.jpg,70.61
201283.jpg,71.05
201284.jpg,59.57
201285.jpg,50.71
201286.jpg,69.76
201287.jpg,63.44
201288.jpg,60.36
201289.jpg,71.31
201290.jpg,69.21
201291.jpg,62.41
201292.jpg,46.83
201293.jpg,70.32
201294.jpg,70.22
201295.jpg,68.67
201296.jpg,63.95
201297.jpg,68.79
201298.jpg,70.5
201299.jpg,69.83
201300.jpg,67.92
201301.jpg,63.68
201302.jpg,70.36
201303.jpg,61.21
201304.jpg,68.94
201305.jpg,70.29
201306.jpg,60.74
201307.jpg,72.16
201308.jpg,70.19
201309.jpg,69.97
201310.jpg,63.06
201311.jpg,69.18
201312.jpg,59.38
201313.jpg,59.94
201314.jpg,71.49
201315.jpg,48.27
201316.jpg,51.73
201317.jpg,59.95
201318.jpg,49.22
201319.jpg,64.84
201320.jpg,48.16
201321.jpg,58.96
201322.jpg,56.88
201323.jpg,42.36
201324.jpg,70.67
201325.jpg,59.92
201326.jpg,57.0
201327.jpg,70.83
201328.jpg,44.99
201329.jpg,53.18
201330.jpg,70.51
201331.jpg,70.32
201332.jpg,70.21
201333.jpg,70.71
201334.jpg,62.28
201335.jpg,70.57
201336.jpg,68.95
201337.jpg,58.81
201338.jpg,70.24
201339.jpg,60.51
201340.jpg,68.62
201341.jpg,56.43
201342.jpg,59.97
201343.jpg,70.33
201344.jpg,63.7
201345.jpg,71.04
201346.jpg,66.04
201347.jpg,60.46
201348.jpg,54.22
201349.jpg,58.79
201350.jpg,70.33
201351.jpg,58.42
201352.jpg,51.01
201353.jpg,69.33
201354.jpg,70.6
201355.jpg,56.35
201356.jpg,70.62
201357.jpg,70.2
201358.jpg,70.58
201359.jpg,61.39
201360.jpg,54.57
201361.jpg,58.48
201362.jpg,57.87
201363.jpg,71.45
201364.jpg,69.38
201365.jpg,64.08
201366.jpg,66.01
201367.jpg,60.47
201368.jpg,57.57
201369.jpg,60.6
201370.jpg,67.71
201371.jpg,70.9
201372.jpg,51.05
201373.jpg,70.38
201374.jpg,72.36
201375.jpg,52.11
201376.jpg,74.89
201377.jpg,70.05
201378.jpg,69.6
201379.jpg,70.9
201380.jpg,60.01
201381.jpg,75.93
201382.jpg,51.01
201383.jpg,67.44
201384.jpg,61.81
201385.jpg,62.19
201386.jpg,70.26
201387.jpg,54.96
201388.jpg,62.75
201389.jpg,38.85
201390.jpg,47.18
201391.jpg,50.17
201392.jpg,62.33
201393.jpg,55.78
201394.jpg,70.59
201395.jpg,70.06
201396.jpg,70.16
201397.jpg,44.59
201398.jpg,48.17
201399.jpg,71.33
201400.jpg,60.58
201401.jpg,69.04
201402.jpg,59.13
201403.jpg,54.03
201404.jpg,61.11
201405.jpg,71.59
201406.jpg,61.78
201407.jpg,70.7
201408.jpg,70.3
201409.jpg,68.81
201410.jpg,69.49
201411.jpg,68.09
201412.jpg,63.43
201413.jpg,47.37
201414.jpg,66.59
201415.jpg,68.34
201416.jpg,70.69
201417.jpg,61.96
201418.jpg,69.92
201419.jpg,38.3
201420.jpg,61.31
201421.jpg,61.22
201422.jpg,60.17
201423.jpg,78.55
201424.jpg,70.8
201425.jpg,68.14
201426.jpg,70.68
201427.jpg,71.32
201428.jpg,54.61
201429.jpg,68.19
201430.jpg,67.39
201431.jpg,58.42
201432.jpg,60.53
201433.jpg,73.72
201434.jpg,48.01
201435.jpg,71.69
201436.jpg,62.12
201437.jpg,70.19
201438.jpg,60.06
201439.jpg,59.36
201440.jpg,48.97
201441.jpg,68.97
201442.jpg,69.24
201443.jpg,48.25
201444.jpg,67.9
201445.jpg,60.44
201446.jpg,59.87
201447.jpg,60.2
201448.jpg,59.97
201449.jpg,59.2
201450.jpg,60.43
201451.jpg,70.03
201452.jpg,61.82
201453.jpg,60.81
201454.jpg,71.32
201455.jpg,46.19
201456.jpg,60.79
201457.jpg,71.84
201458.jpg,68.75
201459.jpg,60.29
201460.jpg,73.04
201461.jpg,63.51
201462.jpg,60.84
201463.jpg,58.59
201464.jpg,48.7
201465.jpg,61.11
201466.jpg,46.35
201467.jpg,57.79
201468.jpg,61.4
201469.jpg,69.25
201470.jpg,52.48
201471.jpg,60.64
201472.jpg,47.79
201473.jpg,52.61
201474.jpg,64.17
201475.jpg,47.27
201476.jpg,60.11
201477.jpg,70.62
201478.jpg,68.09
201479.jpg,70.8
201480.jpg,73.63
201481.jpg,57.22
201482.jpg,72.58
201483.jpg,66.1
201484.jpg,61.69
201485.jpg,70.15
201486.jpg,79.39
201487.jpg,58.79
201488.jpg,70.32
201489.jpg,69.53
201490.jpg,60.8
201491.jpg,60.13
201492.jpg,69.45
201493.jpg,46.92
201494.jpg,70.01
201495.jpg,61.22
201496.jpg,59.94
201497.jpg,61.16
201498.jpg,41.72
201499.jpg,70.26
201500.jpg,53.05
201501.jpg,67.94
201502.jpg,59.78
201503.jpg,38.46
201504.jpg,56.88
201505.jpg,69.26
201506.jpg,73.82
201507.jpg,63.01
201508.jpg,60.45
201509.jpg,42.59
201510.jpg,49.97
201511.jpg,70.6
201512.jpg,59.77
201513.jpg,70.67
201514.jpg,69.39
201515.jpg,63.89
201516.jpg,41.54
201517.jpg,70.54
201518.jpg,71.45
201519.jpg,50.61
201520.jpg,70.11
201521.jpg,63.53
201522.jpg,55.37
201523.jpg,63.04
201524.jpg,72.45
201525.jpg,70.66
201526.jpg,70.46
201527.jpg,70.52
201528.jpg,58.9
201529.jpg,54.02
201530.jpg,61.15
201531.jpg,68.6
201532.jpg,44.94
201533.jpg,70.78
201534.jpg,70.95
201535.jpg,71.12
201536.jpg,39.12
201537.jpg,72.02
201538.jpg,70.15
201539.jpg,67.93
201540.jpg,70.87
201541.jpg,69.98
201542.jpg,70.82
201543.jpg,60.92
201544.jpg,59.94
201545.jpg,52.97
201546.jpg,40.27
201547.jpg,54.95
201548.jpg,70.06
201549.jpg,70.81
201550.jpg,70.66
201551.jpg,70.39
201552.jpg,70.13
201553.jpg,78.61
201554.jpg,68.81
201555.jpg,39.05
201556.jpg,58.56
201557.jpg,72.14
201558.jpg,57.98
201559.jpg,63.01
201560.jpg,60.37
201561.jpg,56.05
201562.jpg,71.96
201563.jpg,73.16
201564.jpg,70.11
201565.jpg,62.3
201566.jpg,70.36
201567.jpg,70.69
201568.jpg,59.72
201569.jpg,67.44
201570.jpg,70.99
201571.jpg,63.17
201572.jpg,59.74
201573.jpg,57.11
201574.jpg,71.54
201575.jpg,70.16
201576.jpg,70.83
201577.jpg,42.41
201578.jpg,46.91
201579.jpg,70.32
201580.jpg,64.8
201581.jpg,70.8
201582.jpg,39.54
201583.jpg,61.51
201584.jpg,50.91
201585.jpg,70.83
201586.jpg,58.5
201587.jpg,70.46
201588.jpg,58.52
201589.jpg,69.47
201590.jpg,64.48
201591.jpg,69.72
201592.jpg,70.73
201593.jpg,59.8
201594.jpg,60.22
201595.jpg,72.04
201596.jpg,57.4
201597.jpg,47.25
201598.jpg,70.39
201599.jpg,65.89
201600.jpg,64.78
201601.jpg,62.73
201602.jpg,54.77
201603.jpg,73.05
201604.jpg,39.66
201605.jpg,64.2
201606.jpg,73.19
201607.jpg,72.28
201608.jpg,70.32
201609.jpg,60.31
201610.jpg,70.49
201611.jpg,60.81
201612.jpg,72.05
201613.jpg,70.81
201614.jpg,64.61
201615.jpg,69.84
201616.jpg,41.72
201617.jpg,64.16
201618.jpg,74.06
201619.jpg,64.69
201620.jpg,56.02
201621.jpg,46.67
201622.jpg,69.11
201623.jpg,66.82
201624.jpg,59.4
201625.jpg,52.91
201626.jpg,61.57
201627.jpg,71.07
201628.jpg,66.98
201629.jpg,57.72
201630.jpg,60.44
201631.jpg,71.34
201632.jpg,62.67
201633.jpg,72.16
201634.jpg,67.23
201635.jpg,56.14
201636.jpg,59.25
201637.jpg,61.13
201638.jpg,69.75
201639.jpg,65.5
201640.jpg,70.28
201641.jpg,50.49
201642.jpg,60.56
201643.jpg,66.47
201644.jpg,46.39
201645.jpg,70.05
201646.jpg,59.66
201647.jpg,60.75
201648.jpg,57.69
201649.jpg,56.88
201650.jpg,70.61
201651.jpg,70.24
201652.jpg,70.1
201653.jpg,55.51
201654.jpg,66.93
201655.jpg,54.07
201656.jpg,45.63
201657.jpg,70.43
201658.jpg,51.76
201659.jpg,60.62
201660.jpg,51.05
201661.jpg,71.65
201662.jpg,69.29
201663.jpg,70.42
201664.jpg,65.79
201665.jpg,52.02
201666.jpg,71.24
201667.jpg,70.48
201668.jpg,61.65
201669.jpg,60.9
201670.jpg,55.33
201671.jpg,69.81
201672.jpg,41.68
201673.jpg,42.5
201674.jpg,60.44
201675.jpg,50.0
201676.jpg,67.62
201677.jpg,62.29
201678.jpg,51.0
201679.jpg,60.97
201680.jpg,71.11
201681.jpg,71.04
201682.jpg,68.96
201683.jpg,60.12
201684.jpg,69.42
201685.jpg,59.84
201686.jpg,62.03
201687.jpg,70.55
201688.jpg,66.62
201689.jpg,68.01
201690.jpg,59.9
201691.jpg,58.84
201692.jpg,65.09
201693.jpg,64.84
201694.jpg,60.64
201695.jpg,69.9
201696.jpg,59.44
201697.jpg,73.58
201698.jpg,63.44
201699.jpg,70.52
201700.jpg,71.27
201701.jpg,70.44
201702.jpg,70.83
201703.jpg,65.96
201704.jpg,64.91
201705.jpg,65.98
201706.jpg,69.47
201707.jpg,71.28
201708.jpg,59.38
201709.jpg,61.64
201710.jpg,57.77
201711.jpg,65.63
201712.jpg,70.67
201713.jpg,63.79
201714.jpg,70.85
201715.jpg,66.56
201716.jpg,68.44
201717.jpg,59.77
201718.jpg,54.68
201719.jpg,68.69
201720.jpg,62.94
201721.jpg,71.05
201722.jpg,76.77
201723.jpg,66.17
201724.jpg,48.65
201725.jpg,70.54
201726.jpg,70.38
201727.jpg,61.59
201728.jpg,71.1
201729.jpg,56.27
201730.jpg,55.51
201731.jpg,37.44
201732.jpg,60.1
201733.jpg,56.56
201734.jpg,73.84
201735.jpg,67.88
201736.jpg,63.49
201737.jpg,44.41
201738.jpg,61.4
201739.jpg,67.43
201740.jpg,67.99
201741.jpg,60.28
201742.jpg,71.15
201743.jpg,70.41
201744.jpg,70.88
201745.jpg,58.88
201746.jpg,65.22
201747.jpg,72.17
201748.jpg,69.57
201749.jpg,51.78
201750.jpg,70.59
201751.jpg,60.77
201752.jpg,59.57
201753.jpg,52.94
201754.jpg,70.73
201755.jpg,48.24
201756.jpg,69.86
201757.jpg,64.62
201758.jpg,68.64
201759.jpg,60.0
201760.jpg,71.39
201761.jpg,70.89
201762.jpg,51.76
201763.jpg,60.64
201764.jpg,69.25
201765.jpg,69.76
201766.jpg,74.18
201767.jpg,71.5
201768.jpg,46.83
201769.jpg,78.53
201770.jpg,59.1
201771.jpg,70.77
201772.jpg,70.48
201773.jpg,58.54
201774.jpg,64.8
201775.jpg,61.25
201776.jpg,70.38
201777.jpg,50.92
201778.jpg,62.35
201779.jpg,56.41
201780.jpg,62.29
201781.jpg,71.34
201782.jpg,60.72
201783.jpg,51.01
201784.jpg,75.61
201785.jpg,70.25
201786.jpg,76.58
201787.jpg,70.38
201788.jpg,74.76
201789.jpg,72.27
201790.jpg,58.42
201791.jpg,70.39
201792.jpg,59.63
201793.jpg,69.79
201794.jpg,69.95
201795.jpg,69.03
201796.jpg,51.57
201797.jpg,68.03
201798.jpg,52.38
201799.jpg,70.96
201800.jpg,59.45
201801.jpg,68.45
201802.jpg,56.39
201803.jpg,68.1
201804.jpg,47.24
201805.jpg,47.81
201806.jpg,42.73
201807.jpg,68.71
201808.jpg,67.61
201809.jpg,57.28
201810.jpg,72.98
201811.jpg,70.8
201812.jpg,70.41
201813.jpg,58.21
201814.jpg,58.38
201815.jpg,62.64
201816.jpg,71.14
201817.jpg,65.75
201818.jpg,44.83
201819.jpg,60.36
201820.jpg,60.4
201821.jpg,69.96
201822.jpg,58.41
201823.jpg,60.41
201824.jpg,70.53
201825.jpg,62.23
201826.jpg,69.41
201827.jpg,69.32
201828.jpg,51.09
201829.jpg,52.74
201830.jpg,69.99
201831.jpg,70.75
201832.jpg,70.75
201833.jpg,69.07
201834.jpg,70.97
201835.jpg,70.98
201836.jpg,60.14
201837.jpg,68.39
201838.jpg,70.78
201839.jpg,71.1
201840.jpg,62.58
201841.jpg,66.53
201842.jpg,71.08
201843.jpg,70.27
201844.jpg,70.17
201845.jpg,64.82
201846.jpg,51.13
201847.jpg,74.43
201848.jpg,70.28
201849.jpg,69.17
201850.jpg,70.84
201851.jpg,58.71
201852.jpg,52.75
201853.jpg,42.94
201854.jpg,65.99
201855.jpg,54.64
201856.jpg,71.24
201857.jpg,67.33
201858.jpg,61.06
201859.jpg,61.49
201860.jpg,52.16
201861.jpg,52.43
201862.jpg,69.56
201863.jpg,57.2
201864.jpg,60.05
201865.jpg,69.64
201866.jpg,60.03
201867.jpg,69.7
201868.jpg,59.64
201869.jpg,68.41
201870.jpg,70.52
201871.jpg,61.41
201872.jpg,71.86
201873.jpg,70.63
201874.jpg,68.55
201875.jpg,64.13
201876.jpg,71.62
201877.jpg,61.71
201878.jpg,71.4
201879.jpg,71.66
201880.jpg,70.73
201881.jpg,71.83
201882.jpg,53.07
201883.jpg,62.27
201884.jpg,70.84
201885.jpg,75.68
201886.jpg,60.66
201887.jpg,59.2
201888.jpg,68.52
201889.jpg,71.56
201890.jpg,70.9
201891.jpg,57.99
201892.jpg,59.4
201893.jpg,62.81
201894.jpg,70.99
201895.jpg,64.86
201896.jpg,49.89
201897.jpg,57.96
201898.jpg,54.89
201899.jpg,70.91
201900.jpg,67.84
201901.jpg,68.29
201902.jpg,69.72
201903.jpg,70.54
201904.jpg,74.72
201905.jpg,69.27
201906.jpg,71.28
201907.jpg,47.74
201908.jpg,71.03
201909.jpg,48.7
201910.jpg,55.98
201911.jpg,58.92
201912.jpg,70.46
201913.jpg,68.37
201914.jpg,52.64
201915.jpg,71.65
201916.jpg,69.42
201917.jpg,69.71
201918.jpg,61.85
201919.jpg,61.61
201920.jpg,69.59
201921.jpg,70.66
201922.jpg,71.51
201923.jpg,54.75
201924.jpg,69.8
201925.jpg,59.89
201926.jpg,50.16
201927.jpg,69.73
201928.jpg,69.14
201929.jpg,63.08
201930.jpg,70.85
201931.jpg,69.52
201932.jpg,67.65
201933.jpg,59.38
201934.jpg,59.72
201935.jpg,47.81
201936.jpg,63.41
201937.jpg,60.6
201938.jpg,59.85
201939.jpg,75.27
201940.jpg,60.56
201941.jpg,70.68
201942.jpg,70.62
201943.jpg,70.59
201944.jpg,63.44
201945.jpg,61.23
201946.jpg,71.6
201947.jpg,70.75
201948.jpg,55.98
201949.jpg,77.48
201950.jpg,69.59
201951.jpg,62.78
201952.jpg,68.56
201953.jpg,60.16
201954.jpg,49.85
201955.jpg,70.21
201956.jpg,70.0
201957.jpg,59.09
201958.jpg,66.13
201959.jpg,71.0
201960.jpg,70.06
201961.jpg,66.93
201962.jpg,70.97
201963.jpg,48.7
201964.jpg,58.97
201965.jpg,57.86
201966.jpg,59.14
201967.jpg,70.53
201968.jpg,68.47
201969.jpg,55.37
201970.jpg,70.14
201971.jpg,46.51
201972.jpg,59.88
201973.jpg,58.42
201974.jpg,59.4
201975.jpg,78.04
201976.jpg,49.69
201977.jpg,70.06
201978.jpg,69.45
201979.jpg,58.65
201980.jpg,55.8
201981.jpg,56.3
201982.jpg,69.62
201983.jpg,60.13
201984.jpg,69.44
201985.jpg,48.22
201986.jpg,51.57
201987.jpg,71.31
201988.jpg,64.34
201989.jpg,47.09
201990.jpg,69.21
201991.jpg,70.72
201992.jpg,58.31
201993.jpg,58.97
201994.jpg,65.61
201995.jpg,70.18
201996.jpg,50.06
201997.jpg,63.04
201998.jpg,69.26
201999.jpg,54.29
202000.jpg,67.77
202001.jpg,65.61
202002.jpg,48.45
202003.jpg,50.49
202004.jpg,73.01
202005.jpg,70.91
202006.jpg,54.12
202007.jpg,66.69
202008.jpg,71.04
202009.jpg,60.15
202010.jpg,42.78
202011.jpg,43.18
202012.jpg,57.7
202013.jpg,45.24
202014.jpg,69.75
202015.jpg,61.55
202016.jpg,76.93
202017.jpg,62.72
202018.jpg,68.05
202019.jpg,57.61
202020.jpg,73.06
202021.jpg,43.72
202022.jpg,55.29
202023.jpg,60.65
202024.jpg,69.69
202025.jpg,71.14
202026.jpg,60.66
202027.jpg,69.54
202028.jpg,69.21
202029.jpg,60.23
202030.jpg,58.67
202031.jpg,41.74
202032.jpg,59.65
202033.jpg,70.46
202034.jpg,67.83
202035.jpg,62.73
202036.jpg,59.83
202037.jpg,61.34
202038.jpg,66.1
202039.jpg,75.49
202040.jpg,59.36
202041.jpg,63.88
202042.jpg,67.32
202043.jpg,55.99
202044.jpg,71.13
202045.jpg,70.74
202046.jpg,60.15
202047.jpg,70.88
202048.jpg,62.1
202049.jpg,57.51
202050.jpg,59.1
202051.jpg,69.71
202052.jpg,74.45
202053.jpg,52.57
202054.jpg,58.96
202055.jpg,60.65
202056.jpg,70.57
202057.jpg,70.75
202058.jpg,70.57
202059.jpg,56.92
202060.jpg,70.22
202061.jpg,65.87
202062.jpg,57.69
202063.jpg,75.03
202064.jpg,70.32
202065.jpg,53.63
202066.jpg,70.54
202067.jpg,70.21
202068.jpg,68.35
202069.jpg,64.32
202070.jpg,57.09
202071.jpg,68.24
202072.jpg,70.6
202073.jpg,49.98
202074.jpg,69.45
202075.jpg,67.5
202076.jpg,55.14
202077.jpg,59.85
202078.jpg,66.89
202079.jpg,68.53
202080.jpg,70.49
202081.jpg,59.24
202082.jpg,63.33
202083.jpg,76.82
202084.jpg,70.85
202085.jpg,60.68
202086.jpg,70.93
202087.jpg,60.61
202088.jpg,68.86
202089.jpg,55.47
202090.jpg,71.16
202091.jpg,59.59
202092.jpg,64.02
202093.jpg,70.15
202094.jpg,59.76
202095.jpg,60.67
202096.jpg,72.23
202097.jpg,71.44
202098.jpg,59.78
202099.jpg,56.75
202100.jpg,50.05
202101.jpg,69.43
202102.jpg,63.63
202103.jpg,59.98
202104.jpg,59.78
202105.jpg,46.75
202106.jpg,44.35
202107.jpg,70.3
202108.jpg,70.7
202109.jpg,60.25
202110.jpg,70.98
202111.jpg,58.73
202112.jpg,71.86
202113.jpg,61.27
202114.jpg,61.37
202115.jpg,64.19
202116.jpg,66.77
202117.jpg,49.43
202118.jpg,69.95
202119.jpg,70.03
202120.jpg,71.01
202121.jpg,67.8
202122.jpg,60.78
202123.jpg,56.86
202124.jpg,69.34
202125.jpg,69.99
202126.jpg,69.65
202127.jpg,60.51
202128.jpg,59.86
202129.jpg,54.67
202130.jpg,60.8
202131.jpg,50.72
202132.jpg,63.78
202133.jpg,58.22
202134.jpg,71.09
202135.jpg,59.26
202136.jpg,75.45
202137.jpg,71.14
202138.jpg,60.34
202139.jpg,61.73
202140.jpg,70.74
202141.jpg,72.51
202142.jpg,70.17
202143.jpg,69.06
202144.jpg,44.97
202145.jpg,70.75
202146.jpg,59.18
202147.jpg,70.6
202148.jpg,66.96
202149.jpg,70.26
202150.jpg,70.99
202151.jpg,67.42
202152.jpg,70.63
202153.jpg,69.48
202154.jpg,67.4
202155.jpg,52.73
202156.jpg,69.94
202157.jpg,62.07
202158.jpg,64.6
202159.jpg,51.48
202160.jpg,70.28
202161.jpg,68.28
202162.jpg,60.97
202163.jpg,60.87
202164.jpg,60.01
202165.jpg,59.15
202166.jpg,60.99
202167.jpg,74.02
202168.jpg,70.8
202169.jpg,61.15
202170.jpg,62.32
202171.jpg,59.64
202172.jpg,49.17
202173.jpg,60.32
202174.jpg,59.09
202175.jpg,75.14
202176.jpg,70.73
202177.jpg,70.5
202178.jpg,69.65
202179.jpg,44.94
202180.jpg,70.46
202181.jpg,61.21
202182.jpg,38.68
202183.jpg,48.92
202184.jpg,52.8
202185.jpg,63.49
202186.jpg,58.03
202187.jpg,70.02
202188.jpg,48.63
202189.jpg,40.22
202190.jpg,61.59
202191.jpg,53.11
202192.jpg,67.73
202193.jpg,54.24
202194.jpg,60.74
202195.jpg,71.08
202196.jpg,68.38
202197.jpg,60.11
202198.jpg,69.78
202199.jpg,45.85
202200.jpg,70.06
202201.jpg,70.53
202202.jpg,70.49
202203.jpg,75.95
202204.jpg,70.22
202205.jpg,59.91
202206.jpg,59.94
202207.jpg,70.96
202208.jpg,70.32
202209.jpg,70.09
202210.jpg,60.61
202211.jpg,54.48
202212.jpg,69.73
202213.jpg,56.9
202214.jpg,50.33
202215.jpg,57.58
202216.jpg,69.64
202217.jpg,59.26
202218.jpg,55.63
202219.jpg,60.6
202220.jpg,71.43
202221.jpg,72.53
202222.jpg,72.05
202223.jpg,70.17
202224.jpg,49.67
202225.jpg,70.79
202226.jpg,65.67
202227.jpg,60.26
202228.jpg,73.32
202229.jpg,60.33
202230.jpg,70.44
202231.jpg,70.59
202232.jpg,71.25
202233.jpg,76.33
202234.jpg,59.63
202235.jpg,75.24
202236.jpg,56.87
202237.jpg,70.72
202238.jpg,52.76
202239.jpg,59.01
202240.jpg,60.89
202241.jpg,68.47
202242.jpg,60.16
202243.jpg,54.65
202244.jpg,44.65
202245.jpg,66.11
202246.jpg,72.07
202247.jpg,59.99
202248.jpg,68.34
202249.jpg,57.28
202250.jpg,68.67
202251.jpg,70.67
202252.jpg,57.44
202253.jpg,68.73
202254.jpg,67.13
202255.jpg,70.96
202256.jpg,70.61
202257.jpg,51.84
202258.jpg,56.82
202259.jpg,59.73
202260.jpg,70.61
202261.jpg,60.23
202262.jpg,71.14
202263.jpg,67.8
202264.jpg,45.66
202265.jpg,53.56
202266.jpg,64.52
202267.jpg,59.81
202268.jpg,59.08
202269.jpg,63.24
202270.jpg,56.65
202271.jpg,60.51
202272.jpg,69.25
202273.jpg,42.23
202274.jpg,71.2
202275.jpg,49.15
202276.jpg,45.43
202277.jpg,53.01
202278.jpg,56.59
202279.jpg,66.35
202280.jpg,52.3
202281.jpg,69.85
202282.jpg,56.93
202283.jpg,70.48
202284.jpg,57.25
202285.jpg,70.79
202286.jpg,69.24
202287.jpg,49.72
202288.jpg,70.09
202289.jpg,62.69
202290.jpg,71.9
202291.jpg,62.35
202292.jpg,70.4
202293.jpg,61.55
202294.jpg,59.11
202295.jpg,67.39
202296.jpg,57.21
202297.jpg,71.01
202298.jpg,72.51
202299.jpg,57.89
202300.jpg,60.09
202301.jpg,68.53
202302.jpg,60.6
202303.jpg,61.2
202304.jpg,65.98
202305.jpg,37.95
202306.jpg,71.52
202307.jpg,58.24
202308.jpg,72.2
202309.jpg,70.13
202310.jpg,67.46
202311.jpg,52.65
202312.jpg,59.19
202313.jpg,60.68
202314.jpg,59.0
202315.jpg,61.39
202316.jpg,50.05
202317.jpg,69.42
202318.jpg,59.96
202319.jpg,70.21
202320.jpg,62.3
202321.jpg,69.71
202322.jpg,68.14
202323.jpg,70.51
202324.jpg,60.41
202325.jpg,55.9
202326.jpg,71.54
202327.jpg,54.27
202328.jpg,64.28
202329.jpg,59.49
202330.jpg,64.69
202331.jpg,70.48
202332.jpg,70.47
202333.jpg,70.31
202334.jpg,50.84
202335.jpg,64.39
202336.jpg,61.25
202337.jpg,56.18
202338.jpg,40.52
202339.jpg,70.93
202340.jpg,39.0
202341.jpg,58.4
202342.jpg,65.93
202343.jpg,69.93
202344.jpg,71.19
202345.jpg,59.73
202346.jpg,51.4
202347.jpg,69.27
202348.jpg,56.77
202349.jpg,61.01
202350.jpg,70.54
202351.jpg,55.16
202352.jpg,59.77
202353.jpg,70.06
202354.jpg,75.97
202355.jpg,71.38
202356.jpg,51.07
202357.jpg,70.09
202358.jpg,70.82
202359.jpg,67.43
202360.jpg,69.85
202361.jpg,72.0
202362.jpg,64.56
202363.jpg,65.27
202364.jpg,53.92
202365.jpg,71.04
202366.jpg,70.01
202367.jpg,71.6
202368.jpg,75.88
202369.jpg,60.53
202370.jpg,58.81
202371.jpg,60.66
202372.jpg,64.21
202373.jpg,46.43
202374.jpg,48.21
202375.jpg,62.25
202376.jpg,60.35
202377.jpg,56.33
202378.jpg,59.92
202379.jpg,59.7
202380.jpg,59.03
202381.jpg,62.83
202382.jpg,46.07
202383.jpg,64.98
202384.jpg,46.18
202385.jpg,60.87
202386.jpg,70.75
202387.jpg,56.9
202388.jpg,45.93
202389.jpg,59.6
202390.jpg,64.01
202391.jpg,70.29
202392.jpg,71.5
202393.jpg,71.24
202394.jpg,60.05
202395.jpg,71.76
202396.jpg,70.06
202397.jpg,69.09
202398.jpg,62.07
202399.jpg,64.17
202400.jpg,70.46
202401.jpg,70.17
202402.jpg,67.24
202403.jpg,72.21
202404.jpg,70.35
202405.jpg,70.84
202406.jpg,65.79
202407.jpg,70.69
202408.jpg,63.21
202409.jpg,67.12
202410.jpg,71.0
202411.jpg,52.03
202412.jpg,51.86
202413.jpg,62.67
202414.jpg,67.31
202415.jpg,62.7
202416.jpg,56.64
202417.jpg,62.7
202418.jpg,71.07
202419.jpg,70.62
202420.jpg,68.45
202421.jpg,69.32
202422.jpg,70.73
202423.jpg,61.06
202424.jpg,57.31
202425.jpg,47.57
202426.jpg,63.84
202427.jpg,65.51
202428.jpg,76.96
202429.jpg,57.12
202430.jpg,70.63
202431.jpg,53.99
202432.jpg,43.18
202433.jpg,70.93
202434.jpg,67.41
202435.jpg,56.98
202436.jpg,61.94
202437.jpg,60.91
202438.jpg,69.33
202439.jpg,60.28
202440.jpg,70.89
202441.jpg,70.16
202442.jpg,59.56
202443.jpg,60.36
202444.jpg,67.88
202445.jpg,61.61
202446.jpg,70.16
202447.jpg,68.15
202448.jpg,70.52
202449.jpg,69.09
202450.jpg,54.31
202451.jpg,70.36
202452.jpg,66.71
202453.jpg,56.7
202454.jpg,70.22
202455.jpg,70.85
202456.jpg,69.94
202457.jpg,68.14
202458.jpg,59.31
202459.jpg,59.9
202460.jpg,72.02
202461.jpg,49.1
202462.jpg,60.04
202463.jpg,60.81
202464.jpg,66.26
202465.jpg,59.65
202466.jpg,40.5
202467.jpg,72.58
202468.jpg,65.57
202469.jpg,60.24
202470.jpg,70.7
202471.jpg,70.9
202472.jpg,58.32
202473.jpg,64.55
202474.jpg,67.58
202475.jpg,71.15
202476.jpg,71.1
202477.jpg,57.29
202478.jpg,57.85
202479.jpg,44.12
202480.jpg,66.68
202481.jpg,50.19
202482.jpg,65.35
202483.jpg,56.87
202484.jpg,60.57
202485.jpg,70.6
202486.jpg,61.69
202487.jpg,69.58
202488.jpg,58.93
202489.jpg,70.86
202490.jpg,48.02
202491.jpg,71.64
202492.jpg,63.39
202493.jpg,71.77
202494.jpg,48.24
202495.jpg,70.86
202496.jpg,74.54
202497.jpg,70.69
202498.jpg,67.35
202499.jpg,65.51
202500.jpg,60.37
202501.jpg,59.6
202502.jpg,45.15
202503.jpg,66.21
202504.jpg,62.75
202505.jpg,57.46
202506.jpg,54.73
202507.jpg,70.76
202508.jpg,63.98
202509.jpg,70.21
202510.jpg,54.23
202511.jpg,57.43
202512.jpg,45.53
202513.jpg,58.83
202514.jpg,58.41
202515.jpg,71.04
202516.jpg,64.08
202517.jpg,67.5
202518.jpg,60.46
202519.jpg,58.94
202520.jpg,70.3
202521.jpg,66.15
202522.jpg,67.58
202523.jpg,69.4
202524.jpg,70.01
202525.jpg,68.7
202526.jpg,48.38
202527.jpg,71.12
202528.jpg,70.79
202529.jpg,76.07
202530.jpg,60.64
202531.jpg,63.91
202532.jpg,69.02
202533.jpg,60.43
202534.jpg,48.59
202535.jpg,71.02
202536.jpg,71.64
202537.jpg,71.52
202538.jpg,70.51
202539.jpg,60.58
202540.jpg,69.06
202541.jpg,70.67
202542.jpg,67.57
202543.jpg,59.33
202544.jpg,59.92
202545.jpg,69.18
202546.jpg,70.14
202547.jpg,66.95
202548.jpg,74.0
202549.jpg,60.81
202550.jpg,69.01
202551.jpg,60.03
202552.jpg,59.97
202553.jpg,70.2
202554.jpg,72.06
202555.jpg,68.1
202556.jpg,69.95
202557.jpg,70.48
202558.jpg,70.42
202559.jpg,71.0
202560.jpg,57.44
202561.jpg,49.51
202562.jpg,60.7
202563.jpg,69.13
202564.jpg,59.64
202565.jpg,70.12
202566.jpg,67.42
202567.jpg,57.13
202568.jpg,69.82
202569.jpg,58.01
202570.jpg,67.56
202571.jpg,71.93
202572.jpg,70.73
202573.jpg,72.33
202574.jpg,61.04
202575.jpg,71.79
202576.jpg,59.66
202577.jpg,59.97
202578.jpg,61.31
202579.jpg,61.18
202580.jpg,58.81
202581.jpg,47.81
202582.jpg,68.83
202583.jpg,60.28
202584.jpg,73.24
202585.jpg,71.48
202586.jpg,66.85
202587.jpg,76.4
202588.jpg,59.38
202589.jpg,70.78
202590.jpg,69.98
202591.jpg,60.82
202592.jpg,59.01
202593.jpg,70.66
202594.jpg,71.73
202595.jpg,71.08
202596.jpg,68.97
202597.jpg,66.63
202598.jpg,70.25
202599.jpg,51.26
202600.jpg,58.87
202601.jpg,70.74
202602.jpg,70.36
202603.jpg,64.28
202604.jpg,70.07
202605.jpg,58.3
202606.jpg,69.43
202607.jpg,57.99
202608.jpg,68.19
202609.jpg,70.66
202610.jpg,70.51
202611.jpg,70.6
202612.jpg,58.49
202613.jpg,71.11
202614.jpg,73.32
202615.jpg,73.57
202616.jpg,60.01
202617.jpg,72.17
202618.jpg,51.72
202619.jpg,70.48
202620.jpg,68.66
202621.jpg,69.35
202622.jpg,59.78
202623.jpg,72.8
202624.jpg,70.56
202625.jpg,60.46
202626.jpg,70.25
202627.jpg,60.62
202628.jpg,70.68
202629.jpg,69.06
202630.jpg,63.24
202631.jpg,63.77
202632.jpg,61.39
202633.jpg,63.82
202634.jpg,60.99
202635.jpg,70.33
202636.jpg,70.21
202637.jpg,75.76
202638.jpg,70.39
202639.jpg,61.08
202640.jpg,70.09
202641.jpg,70.83
202642.jpg,56.8
202643.jpg,61.78
202644.jpg,62.07
202645.jpg,63.5
202646.jpg,70.57
202647.jpg,66.36
202648.jpg,70.42
202649.jpg,50.33
202650.jpg,70.66
202651.jpg,71.03
202652.jpg,52.4
202653.jpg,58.84
202654.jpg,55.98
202655.jpg,58.91
202656.jpg,77.33
202657.jpg,46.27
202658.jpg,60.16
202659.jpg,70.72
202660.jpg,70.72
202661.jpg,69.51
202662.jpg,59.08
202663.jpg,50.16
202664.jpg,51.27
202665.jpg,62.12
202666.jpg,68.75
202667.jpg,69.98
202668.jpg,71.53
202669.jpg,65.62
202670.jpg,57.71
202671.jpg,56.72
202672.jpg,65.12
202673.jpg,69.64
202674.jpg,70.73
202675.jpg,67.24
202676.jpg,57.69
202677.jpg,56.68
202678.jpg,63.95
202679.jpg,71.05
202680.jpg,69.77
202681.jpg,69.36
202682.jpg,71.01
202683.jpg,39.81
202684.jpg,62.44
202685.jpg,68.84
202686.jpg,57.98
202687.jpg,56.5
202688.jpg,70.3
202689.jpg,71.27
202690.jpg,69.64
202691.jpg,60.46
202692.jpg,60.37
202693.jpg,70.09
202694.jpg,62.82
202695.jpg,64.65
202696.jpg,65.21
202697.jpg,53.0
202698.jpg,54.45
202699.jpg,71.05
202700.jpg,64.39
202701.jpg,67.58
202702.jpg,70.66
202703.jpg,58.89
202704.jpg,70.92
202705.jpg,43.29
202706.jpg,70.69
202707.jpg,62.73
202708.jpg,65.39
202709.jpg,68.73
202710.jpg,46.6
202711.jpg,66.51
202712.jpg,60.05
202713.jpg,75.0
202714.jpg,70.5
202715.jpg,56.31
202716.jpg,66.57
202717.jpg,61.57
202718.jpg,47.39
202719.jpg,68.82
202720.jpg,65.28
202721.jpg,70.53
202722.jpg,49.15
202723.jpg,51.56
202724.jpg,70.48
202725.jpg,60.25
202726.jpg,65.07
202727.jpg,79.6
202728.jpg,69.93
202729.jpg,68.54
202730.jpg,69.06
202731.jpg,63.42
202732.jpg,70.96
202733.jpg,59.84
202734.jpg,70.57
202735.jpg,73.09
202736.jpg,72.46
202737.jpg,67.17
202738.jpg,72.22
202739.jpg,69.05
202740.jpg,64.5
202741.jpg,60.95
202742.jpg,69.31
202743.jpg,56.65
202744.jpg,52.18
202745.jpg,70.1
202746.jpg,59.1
202747.jpg,70.98
202748.jpg,49.66
202749.jpg,60.15
202750.jpg,39.12
202751.jpg,47.36
202752.jpg,69.19
202753.jpg,68.09
202754.jpg,46.83
202755.jpg,70.37
202756.jpg,72.0
202757.jpg,51.3
202758.jpg,69.72
202759.jpg,61.33
202760.jpg,48.94
202761.jpg,76.75
202762.jpg,75.33
202763.jpg,63.51
202764.jpg,60.17
202765.jpg,60.45
202766.jpg,41.14
202767.jpg,60.85
202768.jpg,70.11
202769.jpg,55.72
202770.jpg,70.66
202771.jpg,70.84
202772.jpg,72.28
202773.jpg,70.62
202774.jpg,66.06
202775.jpg,62.56
202776.jpg,65.08
202777.jpg,68.17
202778.jpg,51.87
202779.jpg,70.99
202780.jpg,50.96
202781.jpg,70.63
202782.jpg,47.65
202783.jpg,70.93
202784.jpg,60.17
202785.jpg,76.11
202786.jpg,66.95
202787.jpg,68.5
202788.jpg,76.22
202789.jpg,51.16
202790.jpg,59.41
202791.jpg,60.38
202792.jpg,71.24
202793.jpg,61.41
202794.jpg,70.52
202795.jpg,72.82
202796.jpg,64.44
202797.jpg,68.43
202798.jpg,59.48
202799.jpg,57.83
202800.jpg,70.69
202801.jpg,59.78
202802.jpg,46.89
202803.jpg,70.89
202804.jpg,46.65
202805.jpg,61.45
202806.jpg,48.82
202807.jpg,70.48
202808.jpg,60.51
202809.jpg,70.34
202810.jpg,69.27
202811.jpg,71.05
202812.jpg,71.6
202813.jpg,66.66
202814.jpg,71.88
202815.jpg,61.0
202816.jpg,59.09
202817.jpg,58.45
202818.jpg,70.71
202819.jpg,62.64
202820.jpg,66.73
202821.jpg,73.37
202822.jpg,70.48
202823.jpg,76.54
202824.jpg,58.95
202825.jpg,45.39
202826.jpg,70.86
202827.jpg,72.45
202828.jpg,54.91
202829.jpg,56.22
202830.jpg,60.07
202831.jpg,67.09
202832.jpg,66.7
202833.jpg,75.06
202834.jpg,67.61
202835.jpg,51.22
202836.jpg,69.5
202837.jpg,59.88
202838.jpg,68.26
202839.jpg,70.78
202840.jpg,73.13
202841.jpg,43.03
202842.jpg,70.49
202843.jpg,54.96
202844.jpg,70.66
202845.jpg,60.67
202846.jpg,74.7
202847.jpg,67.21
202848.jpg,63.98
202849.jpg,52.31
202850.jpg,60.4
202851.jpg,69.84
202852.jpg,54.52
202853.jpg,70.31
202854.jpg,48.21
202855.jpg,59.82
202856.jpg,58.6
202857.jpg,49.06
202858.jpg,60.11
202859.jpg,61.0
202860.jpg,62.68
202861.jpg,59.56
202862.jpg,76.24
202863.jpg,69.56
202864.jpg,65.65
202865.jpg,61.06
202866.jpg,59.79
202867.jpg,71.68
202868.jpg,69.18
202869.jpg,62.82
202870.jpg,65.41
202871.jpg,60.03
202872.jpg,49.79
202873.jpg,59.3
202874.jpg,70.65
202875.jpg,71.36
202876.jpg,56.25
202877.jpg,71.2
202878.jpg,61.15
202879.jpg,60.3
202880.jpg,68.72
202881.jpg,77.02
202882.jpg,71.88
202883.jpg,68.26
202884.jpg,63.42
202885.jpg,65.64
202886.jpg,70.84
202887.jpg,70.28
202888.jpg,69.29
202889.jpg,60.48
202890.jpg,59.37
202891.jpg,68.8
202892.jpg,61.4
202893.jpg,60.65
202894.jpg,40.47
202895.jpg,65.85
202896.jpg,70.46
202897.jpg,71.62
202898.jpg,46.79
202899.jpg,70.66
202900.jpg,59.86
202901.jpg,62.29
202902.jpg,46.16
202903.jpg,62.94
202904.jpg,61.63
202905.jpg,60.94
202906.jpg,71.11
202907.jpg,64.86
202908.jpg,70.66
202909.jpg,71.27
202910.jpg,68.78
202911.jpg,69.01
202912.jpg,61.25
202913.jpg,48.74
202914.jpg,70.89
202915.jpg,59.94
202916.jpg,59.47
202917.jpg,60.6
202918.jpg,57.81
202919.jpg,71.03
202920.jpg,65.94
202921.jpg,70.52
202922.jpg,71.13
202923.jpg,66.04
202924.jpg,69.92
202925.jpg,70.68
202926.jpg,58.67
202927.jpg,63.58
202928.jpg,59.79
202929.jpg,70.55
202930.jpg,59.43
202931.jpg,58.75
202932.jpg,70.79
202933.jpg,60.73
202934.jpg,77.99
202935.jpg,60.46
202936.jpg,51.37
202937.jpg,69.85
202938.jpg,70.83
202939.jpg,69.3
202940.jpg,70.07
202941.jpg,70.1
202942.jpg,65.43
202943.jpg,70.75
202944.jpg,71.46
202945.jpg,60.12
202946.jpg,64.91
202947.jpg,70.74
202948.jpg,76.16
202949.jpg,71.36
202950.jpg,49.01
202951.jpg,58.38
202952.jpg,70.84
202953.jpg,68.69
202954.jpg,65.88
202955.jpg,60.35
202956.jpg,70.71
202957.jpg,60.28
202958.jpg,63.64
202959.jpg,61.52
202960.jpg,68.45
202961.jpg,55.77
202962.jpg,71.65
202963.jpg,70.58
202964.jpg,58.12
202965.jpg,68.4
202966.jpg,59.49
202967.jpg,70.85
202968.jpg,45.34
202969.jpg,71.01
202970.jpg,70.85
202971.jpg,67.7
202972.jpg,53.32
202973.jpg,59.16
202974.jpg,49.07
202975.jpg,59.39
202976.jpg,68.57
202977.jpg,49.37
202978.jpg,52.29
202979.jpg,70.36
202980.jpg,45.49
202981.jpg,41.96
202982.jpg,60.23
202983.jpg,76.39
202984.jpg,69.18
202985.jpg,48.99
202986.jpg,69.66
202987.jpg,66.38
202988.jpg,61.74
202989.jpg,62.57
202990.jpg,70.77
202991.jpg,70.71
202992.jpg,54.37
202993.jpg,66.31
202994.jpg,77.14
202995.jpg,66.18
202996.jpg,51.69
202997.jpg,59.38
202998.jpg,71.06
202999.jpg,63.2
203000.jpg,77.82
203001.jpg,70.7
203002.jpg,59.43
203003.jpg,61.21
203004.jpg,64.08
203005.jpg,69.06
203006.jpg,70.64
203007.jpg,60.35
203008.jpg,69.13
203009.jpg,67.44
203010.jpg,70.93
203011.jpg,69.09
203012.jpg,56.84
203013.jpg,51.97
203014.jpg,61.93
203015.jpg,61.18
203016.jpg,70.84
203017.jpg,64.18
203018.jpg,71.08
203019.jpg,59.63
203020.jpg,70.19
203021.jpg,70.5
203022.jpg,46.26
203023.jpg,69.02
203024.jpg,61.83
203025.jpg,70.65
203026.jpg,59.16
203027.jpg,42.14
203028.jpg,60.24
203029.jpg,53.0
203030.jpg,67.74
203031.jpg,71.88
203032.jpg,61.28
203033.jpg,69.76
203034.jpg,60.54
203035.jpg,59.54
203036.jpg,50.92
203037.jpg,64.22
203038.jpg,60.8
203039.jpg,60.53
203040.jpg,70.86
203041.jpg,69.7
203042.jpg,61.94
203043.jpg,70.18
203044.jpg,70.51
203045.jpg,68.35
203046.jpg,48.2
203047.jpg,70.78
203048.jpg,59.98
203049.jpg,49.53
203050.jpg,68.5
203051.jpg,79.25
203052.jpg,49.5
203053.jpg,69.05
203054.jpg,60.21
203055.jpg,70.05
203056.jpg,52.26
203057.jpg,60.91
203058.jpg,42.48
203059.jpg,70.63
203060.jpg,70.28
203061.jpg,61.33
203062.jpg,75.02
203063.jpg,48.77
203064.jpg,70.92
203065.jpg,70.48
203066.jpg,70.46
203067.jpg,69.28
203068.jpg,57.29
203069.jpg,61.16
203070.jpg,70.87
203071.jpg,70.42
203072.jpg,64.76
203073.jpg,55.49
203074.jpg,67.08
203075.jpg,70.41
203076.jpg,70.41
203077.jpg,61.21
203078.jpg,45.61
203079.jpg,53.39
203080.jpg,52.55
203081.jpg,70.8
203082.jpg,58.34
203083.jpg,63.87
203084.jpg,47.27
203085.jpg,57.23
203086.jpg,69.97
203087.jpg,46.72
203088.jpg,68.15
203089.jpg,56.43
203090.jpg,70.55
203091.jpg,68.38
203092.jpg,70.41
203093.jpg,50.95
203094.jpg,70.93
203095.jpg,67.43
203096.jpg,75.4
203097.jpg,72.11
203098.jpg,70.8
203099.jpg,71.84
203100.jpg,60.25
203101.jpg,59.35
203102.jpg,63.19
203103.jpg,52.53
203104.jpg,69.61
203105.jpg,66.97
203106.jpg,66.76
203107.jpg,72.17
203108.jpg,63.97
203109.jpg,70.9
203110.jpg,69.87
203111.jpg,48.23
203112.jpg,70.14
203113.jpg,80.38
203114.jpg,63.04
203115.jpg,60.75
203116.jpg,60.48
203117.jpg,67.14
203118.jpg,60.74
203119.jpg,56.48
203120.jpg,70.44
203121.jpg,69.91
203122.jpg,72.69
203123.jpg,69.17
203124.jpg,64.87
203125.jpg,50.06
203126.jpg,61.66
203127.jpg,68.91
203128.jpg,56.46
203129.jpg,70.83
203130.jpg,69.12
203131.jpg,71.39
203132.jpg,49.25
203133.jpg,59.08
203134.jpg,55.33
203135.jpg,58.57
203136.jpg,70.97
203137.jpg,70.46
203138.jpg,60.92
203139.jpg,63.14
203140.jpg,70.86
203141.jpg,69.23
203142.jpg,69.93
203143.jpg,61.54
203144.jpg,60.29
203145.jpg,53.14
203146.jpg,64.87
203147.jpg,61.09
203148.jpg,70.2
203149.jpg,62.1
203150.jpg,46.47
203151.jpg,71.22
203152.jpg,70.9
203153.jpg,69.8
203154.jpg,67.06
203155.jpg,56.71
203156.jpg,70.8
203157.jpg,60.48
203158.jpg,70.18
203159.jpg,73.96
203160.jpg,59.42
203161.jpg,60.23
203162.jpg,70.77
203163.jpg,52.42
203164.jpg,68.96
203165.jpg,71.64
203166.jpg,71.17
203167.jpg,56.37
203168.jpg,58.04
203169.jpg,62.34
203170.jpg,45.19
203171.jpg,69.84
203172.jpg,70.19
203173.jpg,71.76
203174.jpg,70.56
203175.jpg,60.02
203176.jpg,59.92
203177.jpg,59.45
203178.jpg,78.75
203179.jpg,70.25
203180.jpg,49.48
203181.jpg,75.56
203182.jpg,61.21
203183.jpg,67.43
203184.jpg,69.5
203185.jpg,71.08
203186.jpg,47.01
203187.jpg,61.9
203188.jpg,48.59
203189.jpg,70.29
203190.jpg,56.19
203191.jpg,69.07
203192.jpg,74.68
203193.jpg,67.0
203194.jpg,61.21
203195.jpg,72.34
203196.jpg,40.02
203197.jpg,70.68
203198.jpg,62.69
203199.jpg,70.96
203200.jpg,70.65
203201.jpg,68.23
203202.jpg,69.88
203203.jpg,70.81
203204.jpg,69.61
203205.jpg,57.41
203206.jpg,70.94
203207.jpg,71.23
203208.jpg,57.85
203209.jpg,53.39
203210.jpg,64.58
203211.jpg,53.73
203212.jpg,60.66
203213.jpg,71.33
203214.jpg,55.7
203215.jpg,63.01
203216.jpg,72.35
203217.jpg,43.25
203218.jpg,70.76
203219.jpg,70.3
203220.jpg,65.54
203221.jpg,65.79
203222.jpg,59.39
203223.jpg,59.55
203224.jpg,76.62
203225.jpg,51.23
203226.jpg,51.71
203227.jpg,64.09
203228.jpg,50.16
203229.jpg,70.06
203230.jpg,60.29
203231.jpg,67.91
203232.jpg,71.63
203233.jpg,70.23
203234.jpg,60.34
203235.jpg,57.59
203236.jpg,66.33
203237.jpg,49.87
203238.jpg,45.35
203239.jpg,57.89
203240.jpg,49.86
203241.jpg,70.93
203242.jpg,75.65
203243.jpg,61.54
203244.jpg,62.15
203245.jpg,62.06
203246.jpg,60.96
203247.jpg,48.04
203248.jpg,47.17
203249.jpg,56.61
203250.jpg,67.23
203251.jpg,59.8
203252.jpg,70.28
203253.jpg,68.84
203254.jpg,73.42
203255.jpg,59.03
203256.jpg,68.5
203257.jpg,62.95
203258.jpg,59.13
203259.jpg,69.26
203260.jpg,53.59
203261.jpg,70.37
203262.jpg,59.9
203263.jpg,52.96
203264.jpg,59.07
203265.jpg,69.45
203266.jpg,71.65
203267.jpg,69.62
203268.jpg,57.48
203269.jpg,59.85
203270.jpg,60.61
203271.jpg,68.79
203272.jpg,57.6
203273.jpg,61.07
203274.jpg,56.53
203275.jpg,70.59
203276.jpg,70.81
203277.jpg,70.92
203278.jpg,63.31
203279.jpg,65.04
203280.jpg,70.64
203281.jpg,70.23
203282.jpg,70.05
203283.jpg,59.16
203284.jpg,62.2
203285.jpg,59.53
203286.jpg,50.19
203287.jpg,70.7
203288.jpg,69.96
203289.jpg,70.48
203290.jpg,71.22
203291.jpg,71.71
203292.jpg,48.0
203293.jpg,71.0
203294.jpg,61.57
203295.jpg,55.56
203296.jpg,70.39
203297.jpg,56.38
203298.jpg,66.46
203299.jpg,70.48
203300.jpg,77.02
203301.jpg,62.15
203302.jpg,67.66
203303.jpg,66.11
203304.jpg,67.23
203305.jpg,62.2
203306.jpg,45.55
203307.jpg,61.02
203308.jpg,71.08
203309.jpg,60.24
203310.jpg,70.73
203311.jpg,61.36
203312.jpg,70.25
203313.jpg,46.68
203314.jpg,58.44
203315.jpg,61.92
203316.jpg,59.72
203317.jpg,71.3
203318.jpg,60.69
203319.jpg,73.85
203320.jpg,71.12
203321.jpg,65.84
203322.jpg,44.9
203323.jpg,48.77
203324.jpg,49.95
203325.jpg,70.36
203326.jpg,73.06
203327.jpg,69.69
203328.jpg,62.33
203329.jpg,68.89
203330.jpg,65.41
203331.jpg,70.72
203332.jpg,60.35
203333.jpg,71.04
203334.jpg,56.59
203335.jpg,62.84
203336.jpg,58.65
203337.jpg,60.38
203338.jpg,78.15
203339.jpg,44.43
203340.jpg,75.1
203341.jpg,69.21
203342.jpg,70.69
203343.jpg,69.15
203344.jpg,70.87
203345.jpg,69.59
203346.jpg,69.97
203347.jpg,61.27
203348.jpg,70.96
203349.jpg,56.64
203350.jpg,60.37
203351.jpg,54.43
203352.jpg,45.25
203353.jpg,72.78
203354.jpg,70.48
203355.jpg,60.45
203356.jpg,70.87
203357.jpg,53.11
203358.jpg,70.48
203359.jpg,54.4
203360.jpg,59.26
203361.jpg,67.54
203362.jpg,70.17
203363.jpg,70.23
203364.jpg,56.61
203365.jpg,69.74
203366.jpg,59.96
203367.jpg,61.39
203368.jpg,59.59
203369.jpg,60.31
203370.jpg,58.91
203371.jpg,61.06
203372.jpg,66.43
203373.jpg,65.66
203374.jpg,62.1
203375.jpg,62.39
203376.jpg,57.99
203377.jpg,57.24
203378.jpg,56.55
203379.jpg,69.86
203380.jpg,68.68
203381.jpg,58.69
203382.jpg,70.89
203383.jpg,70.51
203384.jpg,59.56
203385.jpg,77.1
203386.jpg,59.8
203387.jpg,77.52
203388.jpg,70.18
203389.jpg,72.25
203390.jpg,58.44
203391.jpg,59.2
203392.jpg,45.54
203393.jpg,71.23
203394.jpg,70.97
203395.jpg,63.36
203396.jpg,60.16
203397.jpg,69.74
203398.jpg,50.21
203399.jpg,60.29
203400.jpg,65.86
203401.jpg,46.38
203402.jpg,70.47
203403.jpg,70.28
203404.jpg,39.34
203405.jpg,70.72
203406.jpg,43.78
203407.jpg,67.31
203408.jpg,44.95
203409.jpg,63.43
203410.jpg,63.02
203411.jpg,71.12
203412.jpg,60.74
203413.jpg,64.53
203414.jpg,48.75
203415.jpg,59.55
203416.jpg,65.75
203417.jpg,70.22
203418.jpg,66.21
203419.jpg,49.52
203420.jpg,59.11
203421.jpg,58.16
203422.jpg,56.57
203423.jpg,61.14
203424.jpg,48.1
203425.jpg,60.25
203426.jpg,59.51
203427.jpg,68.7
203428.jpg,66.52
203429.jpg,69.63
203430.jpg,70.25
203431.jpg,60.65
203432.jpg,70.63
203433.jpg,71.96
203434.jpg,71.09
203435.jpg,70.6
203436.jpg,61.14
203437.jpg,70.62
203438.jpg,71.55
203439.jpg,70.78
203440.jpg,71.32
203441.jpg,71.01
203442.jpg,70.7
203443.jpg,59.74
203444.jpg,70.66
203445.jpg,46.28
203446.jpg,59.76
203447.jpg,66.89
203448.jpg,61.23
203449.jpg,51.71
203450.jpg,59.37
203451.jpg,70.34
203452.jpg,70.49
203453.jpg,56.12
203454.jpg,68.43
203455.jpg,70.12
203456.jpg,54.38
203457.jpg,66.15
203458.jpg,76.63
203459.jpg,70.34
203460.jpg,70.74
203461.jpg,56.91
203462.jpg,64.78
203463.jpg,53.66
203464.jpg,70.88
203465.jpg,68.84
203466.jpg,60.52
203467.jpg,59.62
203468.jpg,58.69
203469.jpg,70.26
